step,accuracy,iou,precision,dice,recall
1,0.9591356986953367,0.006605420374281464,0.00691761881593735,0.011144919403558296,0.03700596268378919
